image_idx,diagram_type,type_confidence,visual_complexity,color_entropy,text_density,spatial_layout,enrichment,specific_num_nodes,specific_num_edges,specific_graph_density,specific_avg_node_degree,specific_is_connected,color_num_dominant_colors,color_largest_segment_ratio,color_color_balance,color_compactness,color_segment_2_ratio,hog_vector_size,lbp_entropy,orb_count,orb_spread,original_caption,enriched_caption,specific_num_segments,specific_has_labels,specific_is_donut,specific_color_coded,specific_num_shapes,specific_num_lines,specific_has_structure,specific_dominant_feature
0,network_graph,0.8,0.24018083339297336,0.3989854,0.09,networked,"Network graph with 70 nodes and 93 edges, density 0.04",70.0,93.0,0.03850931677018633,2.657142857142857,True,3,0.7764663121245744,0.7110457973932567,69577087.71938255,0.07988914182959024,8100,2.3261846391315313,500,0.24485848955446612,"Multiple Intelligences, Circular Diagram, elements: Circle divided into eight segments, each labeled with different types of intelligences: Musical, Bodily-Kinesthetic, Interpersonal, Verbal-Linguistic, Logical-Mathematical, Naturalist, Self Smart, and Picture Smart, with 'Multiple Intelligences' in the center.","Multiple Intelligences, Circular Diagram, elements: Circle divided into eight segments, each labeled with different types of intelligences: Musical, Bodily-Kinesthetic, Interpersonal, Verbal-Linguistic, Logical-Mathematical, Naturalist, Self Smart, and Picture Smart, with 'Multiple Intelligences' in the center. [Visual Analysis: Network graph with 70 nodes and 93 edges, density 0.04]",,,,,,,,
1,network_graph,0.8,0.26070570046889585,0.3793488,0.12686567164179105,networked,"Network graph with 113 nodes and 77 edges, density 0.01",113.0,77.0,0.012168141592920354,1.3628318584070795,False,2,0.795416036169494,0.7013199856968872,934976430.0334632,0.0959298464509159,8100,2.80235253709118,500,0.3324304045560682,"Big Five Personality Traits, Grid Diagram, elements: Five rows, each representing a personality trait: Openness, Conscientiousness, Extroversion, Agreeableness, and Neuroticism. Each row has two columns for High and Low Five Tendencies, listing corresponding traits.","Big Five Personality Traits, Grid Diagram, elements: Five rows, each representing a personality trait: Openness, Conscientiousness, Extroversion, Agreeableness, and Neuroticism. Each row has two columns for High and Low Five Tendencies, listing corresponding traits. [Visual Analysis: Network graph with 113 nodes and 77 edges, density 0.01]",,,,,,,,
2,network_graph,0.8,0.7366439962633602,0.70449007,0.16015625,networked,"Network graph with 196 nodes and 513 edges, density 0.03",196.0,513.0,0.02684458398744113,5.23469387755102,True,4,0.289229375,0.913715751078014,758722008.0778499,0.25418625,8100,4.0776357702484525,500,0.2977127264212406,"Constructivism in Learning, Infographic, elements: Top section with title and description of constructivism. Middle section features key terms and actions organized in a cloud format. Below, key people (Vygotsky, Bruner, Piaget) with quotes about learning. Lower section outlines key ideas, contrasting constructivism with traditional methods and listing example activities.","Constructivism in Learning, Infographic, elements: Top section with title and description of constructivism. Middle section features key terms and actions organized in a cloud format. Below, key people (Vygotsky, Bruner, Piaget) with quotes about learning. Lower section outlines key ideas, contrasting constructivism with traditional methods and listing example activities. [Visual Analysis: Network graph with 196 nodes and 513 edges, density 0.03]",,,,,,,,
3,network_graph,0.8,0.25134100464470494,0.5035657,0.390625,networked,"Network graph with 77 nodes and 197 edges, density 0.07",77.0,197.0,0.0673274094326726,5.116883116883117,True,2,0.8323853288127995,0.6836944236269191,48386253.59382075,0.05347119093651639,8100,2.715869461935333,500,0.35082869497962904,"Steps in the Scrum Iterative Process, Circular Flow Diagram, elements: Five steps arranged in a circular pattern: Step 1 - Sprint Planning, Step 2 - Sprint Execution, Step 3 - Daily Stand-ups, Step 4 - Sprint Review, Step 5 - Sprint Retrospective, with icons representing each step.","Steps in the Scrum Iterative Process, Circular Flow Diagram, elements: Five steps arranged in a circular pattern: Step 1 - Sprint Planning, Step 2 - Sprint Execution, Step 3 - Daily Stand-ups, Step 4 - Sprint Review, Step 5 - Sprint Retrospective, with icons representing each step. [Visual Analysis: Network graph with 77 nodes and 197 edges, density 0.07]",,,,,,,,
4,network_graph,0.8,0.23006264874815205,0.3392806,0.43429844097995546,networked,"Network graph with 89 nodes and 199 edges, density 0.05",89.0,199.0,0.050817160367722165,4.47191011235955,True,1,0.8785604840677305,0.6606670847368377,120545125.564269,0.04116917971990436,8100,2.484838611954857,500,0.31464704020892825,"Iterative Product Development, Circular Flow Diagram, elements: A circular design with seven numbered elements (1 to 7) representing steps in iterative product development, each accompanied by descriptive text including 'Continuous improvement', 'Collaboration and cross-functional teams', 'Data-driven decision making', 'Rapid prototyping', 'Agile project management', and 'Minimum viable products (MVPs)'.","Iterative Product Development, Circular Flow Diagram, elements: A circular design with seven numbered elements (1 to 7) representing steps in iterative product development, each accompanied by descriptive text including 'Continuous improvement', 'Collaboration and cross-functional teams', 'Data-driven decision making', 'Rapid prototyping', 'Agile project management', and 'Minimum viable products (MVPs)'. [Visual Analysis: Network graph with 89 nodes and 199 edges, density 0.05]",,,,,,,,
5,pie_chart,0.9,0.15742024049363254,0.49278384,0.004711033082444649,radial,"Pie chart with 18 segments, unlabeled",,,,,,3,0.5523603098205463,0.7964318574380432,27823443.742876,0.30601047609940607,8100,2.782507986948658,500,0.28865921385785254,"TPACK Model, Venn Diagram, elements: Three overlapping circles labeled: 'Technological Knowledge', 'Content Knowledge', and 'Pedagogical Knowledge'. The intersections are labeled: TCK (Technological Content Knowledge), TPK (Technological Pedagogical Knowledge), and PCK (Pedagogical Content Knowledge), with TPACK in the center.","TPACK Model, Venn Diagram, elements: Three overlapping circles labeled: 'Technological Knowledge', 'Content Knowledge', and 'Pedagogical Knowledge'. The intersections are labeled: TCK (Technological Content Knowledge), TPK (Technological Pedagogical Knowledge), and PCK (Pedagogical Content Knowledge), with TPACK in the center. [Visual Analysis: Pie chart with 18 segments, unlabeled]",18.0,False,True,True,,,,
6,network_graph,0.8,0.20879599927686293,0.4836961,0.1283482142857143,networked,"Network graph with 51 nodes and 115 edges, density 0.09",51.0,115.0,0.09019607843137255,4.509803921568627,True,3,0.7571428571428571,0.7196001315990064,9377662.124133958,0.1167063492063492,8100,3.1059104207558783,500,0.26295282629978667,"ADDIE Model of Instructional Design, Flow Diagram, elements: Five sequential blocks labeled ADDIE (Analysis, Design, Development, Implementation, Evaluation) with brief descriptions below each block, connected by arrows indicating the flow of the process.","ADDIE Model of Instructional Design, Flow Diagram, elements: Five sequential blocks labeled ADDIE (Analysis, Design, Development, Implementation, Evaluation) with brief descriptions below each block, connected by arrows indicating the flow of the process. [Visual Analysis: Network graph with 51 nodes and 115 edges, density 0.09]",,,,,,,,
7,network_graph,0.8,0.279617857226207,0.57797486,0.0,networked,"Network graph with 174 nodes and 257 edges, density 0.02",174.0,257.0,0.01707527739020663,2.954022988505747,True,3,0.6240268005401459,0.7758765253260681,53043346.02423078,0.21973793878777306,8100,3.162170826350776,500,0.28682129769316905,"Constructivism Learning Cycle, Circular Flow Diagram, elements: Central 'STUDENT' surrounded by five phases: Engage, Explore, Explain, Extend, Evaluate. Arrows indicate interaction with 'PRIOR KNOWLEDGE' and emphasize the 'ZONE OF PROXIMAL DEVELOPMENT'.","Constructivism Learning Cycle, Circular Flow Diagram, elements: Central 'STUDENT' surrounded by five phases: Engage, Explore, Explain, Extend, Evaluate. Arrows indicate interaction with 'PRIOR KNOWLEDGE' and emphasize the 'ZONE OF PROXIMAL DEVELOPMENT'. [Visual Analysis: Network graph with 174 nodes and 257 edges, density 0.02]",,,,,,,,
8,network_graph,0.8,0.24475490433479713,0.33355087,0.09057971014492754,networked,"Network graph with 121 nodes and 135 edges, density 0.02",121.0,135.0,0.01859504132231405,2.231404958677686,True,4,0.6250758247398628,0.7817980569164436,31203212.75503111,0.18518840592005634,8100,2.0046282200115315,500,0.25958330803533886,"Bloom's Taxonomy, Pyramid Diagram, elements: Pyramid structure divided into six layers labeled: Knowledge, Comprehension, Application, Analysis, Synthesis, Evaluation, with increasing complexity from bottom to top.","Bloom's Taxonomy, Pyramid Diagram, elements: Pyramid structure divided into six layers labeled: Knowledge, Comprehension, Application, Analysis, Synthesis, Evaluation, with increasing complexity from bottom to top. [Visual Analysis: Network graph with 121 nodes and 135 edges, density 0.02]",,,,,,,,
9,network_graph,0.8,0.3145684343818239,0.47657254,0.06640625,networked,"Network graph with 62 nodes and 63 edges, density 0.03",62.0,63.0,0.033315705975674244,2.032258064516129,True,3,0.35773709160794365,0.8401372000670715,100428695.56791672,0.3492599615631006,8100,3.2476618288680212,500,0.31241476457958045,"Herzberg's Motivation-Hygiene Theory, Grid Diagram, elements: Two-column layout with left column listing motivators (Achievement, Recognition, The Work Itself, Responsibility, Advancement, Growth) and right column listing hygiene factors (Bureaucracy, Relationships, Work Conditions, Status, Salary, Security), each accompanied by relevant icons.","Herzberg's Motivation-Hygiene Theory, Grid Diagram, elements: Two-column layout with left column listing motivators (Achievement, Recognition, The Work Itself, Responsibility, Advancement, Growth) and right column listing hygiene factors (Bureaucracy, Relationships, Work Conditions, Status, Salary, Security), each accompanied by relevant icons. [Visual Analysis: Network graph with 62 nodes and 63 edges, density 0.03]",,,,,,,,
10,network_graph,0.8,0.37394466240756324,0.7411486,0.5055555555555555,networked,"Network graph with 164 nodes and 287 edges, density 0.02",164.0,287.0,0.02147239263803681,3.5,True,4,0.7230867850098619,0.7378851142144482,47164391.69420315,0.08878205128205129,8100,3.5221899138815775,500,0.2991393225843565,"Learning Theories, , elements: Three sections, each featuring a theorist with a photo and their name: John Watson (Behaviorism), Jean Piaget (Cognitivism), John Dewey (Constructivism). Each section lists relevant theorists underneath and includes an information link labeled '+ info'.","Learning Theories, , elements: Three sections, each featuring a theorist with a photo and their name: John Watson (Behaviorism), Jean Piaget (Cognitivism), John Dewey (Constructivism). Each section lists relevant theorists underneath and includes an information link labeled '+ info'. [Visual Analysis: Network graph with 164 nodes and 287 edges, density 0.02]",,,,,,,,
11,network_graph,0.8,0.18963783618599678,0.33450162,0.023809523809523808,networked,"Network graph with 41 nodes and 42 edges, density 0.05",41.0,42.0,0.05121951219512195,2.048780487804878,True,4,0.6869047619047619,0.7544184201881592,34618140.85664427,0.11918518518518519,8100,2.2372217648251347,500,0.3377304683791237,"Bloom's Taxonomy, Pyramid Diagram, elements: Pyramid structure with six layers labeled: Remember, Understand, Apply, Analyze, Evaluate, and Create; a key on the right indicates College and High School levels.","Bloom's Taxonomy, Pyramid Diagram, elements: Pyramid structure with six layers labeled: Remember, Understand, Apply, Analyze, Evaluate, and Create; a key on the right indicates College and High School levels. [Visual Analysis: Network graph with 41 nodes and 42 edges, density 0.05]",,,,,,,,
12,network_graph,0.8,0.2564029262923428,0.44255018,0.05499153976311336,networked,"Network graph with 191 nodes and 255 edges, density 0.01",191.0,255.0,0.014053458252962248,2.670157068062827,True,2,0.7883786949357791,0.704433618435653,4555421.331256837,0.1061282830087547,8100,2.9465153388075978,500,0.3215239084905633,"Zone of Proximal Development in Teaching, Graph, elements: Diagonal axis labeled 'Level of Challenge' and 'Level of Competence' with 'Zone of Proximal Development' highlighted. Areas labeled: 'Anxiety' above, 'Boredom' below, indicating learner independence and assistance.","Zone of Proximal Development in Teaching, Graph, elements: Diagonal axis labeled 'Level of Challenge' and 'Level of Competence' with 'Zone of Proximal Development' highlighted. Areas labeled: 'Anxiety' above, 'Boredom' below, indicating learner independence and assistance. [Visual Analysis: Network graph with 191 nodes and 255 edges, density 0.01]",,,,,,,,
13,network_graph,0.8,0.20544950193550796,0.6884446,0.115625,networked,"Network graph with 128 nodes and 224 edges, density 0.03",128.0,224.0,0.027559055118110236,3.5,True,4,0.486976,0.8392667335253837,504207985.8686117,0.248098,8100,3.4075626011838436,500,0.33361739724538836,"Big Five Personality Traits, Vertical Bar Diagram, elements: Vertical sections representing each trait: Open to Experience, Conscientiousness, Agreeableness, Neuroticism, Extraversion, with icons illustrating each trait against a background of gradient colors.","Big Five Personality Traits, Vertical Bar Diagram, elements: Vertical sections representing each trait: Open to Experience, Conscientiousness, Agreeableness, Neuroticism, Extraversion, with icons illustrating each trait against a background of gradient colors. [Visual Analysis: Network graph with 128 nodes and 224 edges, density 0.03]",,,,,,,,
14,network_graph,0.8,0.4299373180771396,0.40522355,0.01875,networked,"Network graph with 155 nodes and 386 edges, density 0.03",155.0,386.0,0.032341851696690405,4.980645161290322,True,5,0.661583798109252,0.7687758266865223,18781254.081296563,0.0953087298761916,8100,3.5936403476886962,500,0.3586827112093514,"Big Five Personality Traits, Circular Diagram, elements: Five colored circles representing personality traits: Neuroticism, Extraversion, Openness, Agreeableness, and Conscientiousness, each with descriptors for low and high levels labeled around the circles.","Big Five Personality Traits, Circular Diagram, elements: Five colored circles representing personality traits: Neuroticism, Extraversion, Openness, Agreeableness, and Conscientiousness, each with descriptors for low and high levels labeled around the circles. [Visual Analysis: Network graph with 155 nodes and 386 edges, density 0.03]",,,,,,,,
15,pie_chart,0.9,0.18801636346674114,0.26981217,0.2556818181818182,radial,"Pie chart with 14 segments, labeled",,,,,,2,0.9208316978552542,0.6390995436469639,114993062.7089138,0.05598087561813684,8100,3.4389612365637023,500,0.23885367092330873,"Git Branching and Operations, Network Diagram, elements: Nodes representing branches (Master, Feature-1, Feature-2) with connections indicating flow; each node lists file versions associated with the branches.","Git Branching and Operations, Network Diagram, elements: Nodes representing branches (Master, Feature-1, Feature-2) with connections indicating flow; each node lists file versions associated with the branches. [Visual Analysis: Pie chart with 14 segments, labeled]",14.0,True,True,True,,,,
16,network_graph,0.8,0.26026185571395466,0.28520212,0.12109375,networked,"Network graph with 29 nodes and 128 edges, density 0.32",29.0,128.0,0.31527093596059114,8.827586206896552,True,3,0.7372346756595913,0.7307150241088178,8776917.00778234,0.08904979170799444,8100,2.974197810910971,491,0.29094246025758985,"Big Five Personality Traits, Horizontal Diagram, elements: Five colored circles labeled O, C, E, A, N with corresponding traits: Openness - prefers routine; Conscientious - impulsive vs. disciplined; Extraversion - reserved vs. sociable; Agreeable - suspicious vs. trusting; Neuroticism - calm vs. anxious.","Big Five Personality Traits, Horizontal Diagram, elements: Five colored circles labeled O, C, E, A, N with corresponding traits: Openness - prefers routine; Conscientious - impulsive vs. disciplined; Extraversion - reserved vs. sociable; Agreeable - suspicious vs. trusting; Neuroticism - calm vs. anxious. [Visual Analysis: Network graph with 29 nodes and 128 edges, density 0.32]",,,,,,,,
17,network_graph,0.8,0.1728488116269101,0.33594394,0.04752851711026616,networked,"Network graph with 86 nodes and 92 edges, density 0.03",86.0,92.0,0.025170998632010944,2.13953488372093,True,4,0.6187348704313663,0.7872533104683499,16131734.038209438,0.14520417476884004,8100,2.325559556907729,500,0.346944281605199,"Bloom's Taxonomy, Pyramid Diagram, elements: Pyramid structure with layers labeled: Knowledge (bottom), Comprehension, Application, Analysis, Synthesis, and Evaluation (top), with color coding for each level.","Bloom's Taxonomy, Pyramid Diagram, elements: Pyramid structure with layers labeled: Knowledge (bottom), Comprehension, Application, Analysis, Synthesis, and Evaluation (top), with color coding for each level. [Visual Analysis: Network graph with 86 nodes and 92 edges, density 0.03]",,,,,,,,
18,network_graph,0.8,0.29392350090774544,0.48016152,0.06637168141592921,networked,"Network graph with 154 nodes and 194 edges, density 0.02",154.0,194.0,0.016467192937781174,2.5194805194805197,True,4,0.6788793103448276,0.7547575379821657,204357952.31058615,0.18103558797524313,8100,3.0561892671579534,500,0.19477573781456237,"Iterative Scrum Process, Circular Flow Diagram, elements: Outer ring with five phases labeled: Planning/Prioritization, Requirements, Design/Analysis, Implementation/Testing, and Review/Retrospective. Central 'Scrum Cycle' label. Top section showing 'Concept' with four iterations labeled Scrum 1 to Scrum 4.","Iterative Scrum Process, Circular Flow Diagram, elements: Outer ring with five phases labeled: Planning/Prioritization, Requirements, Design/Analysis, Implementation/Testing, and Review/Retrospective. Central 'Scrum Cycle' label. Top section showing 'Concept' with four iterations labeled Scrum 1 to Scrum 4. [Visual Analysis: Network graph with 154 nodes and 194 edges, density 0.02]",,,,,,,,
19,network_graph,0.8,0.30402825166648506,0.28126615,0.5541666666666667,networked,"Network graph with 169 nodes and 389 edges, density 0.03",169.0,389.0,0.02740208509439279,4.603550295857988,True,2,0.9071540832519531,0.646060422388343,59617767.343681574,0.053171793619791664,8100,2.4456994389519586,500,0.31798792443777985,"Impact of Population Growth on Capital and Income, Graph, elements: Graph with two investment lines labeled (δ+n₂)k and (δ+n₁)k, a production function curve s*f(k), and steady states k₂* and k₁*, illustrating shifts in capital per worker due to population growth changes.","Impact of Population Growth on Capital and Income, Graph, elements: Graph with two investment lines labeled (δ+n₂)k and (δ+n₁)k, a production function curve s*f(k), and steady states k₂* and k₁*, illustrating shifts in capital per worker due to population growth changes. [Visual Analysis: Network graph with 169 nodes and 389 edges, density 0.03]",,,,,,,,
20,network_graph,0.8,0.25265579358415513,0.4960078,0.0609375,networked,"Network graph with 191 nodes and 234 edges, density 0.01",191.0,234.0,0.012896114632130064,2.450261780104712,True,5,0.6043654320987655,0.7976350863366646,19025641.124658585,0.11077530864197531,8100,2.761141705703939,500,0.34380034556516587,"Gardner's Theory of Multiple Intelligences, Circular Diagram, elements: Central circle labeled 'The theory of intelligence' surrounded by eight segments representing different intelligences: linguistic, logical-mathematical, spatial, musical, bodily-kinesthetic, interpersonal, intrapersonal, and naturalistic.","Gardner's Theory of Multiple Intelligences, Circular Diagram, elements: Central circle labeled 'The theory of intelligence' surrounded by eight segments representing different intelligences: linguistic, logical-mathematical, spatial, musical, bodily-kinesthetic, interpersonal, intrapersonal, and naturalistic. [Visual Analysis: Network graph with 191 nodes and 234 edges, density 0.01]",,,,,,,,
21,network_graph,0.8,0.31588638699008165,0.4119132,0.720108695652174,networked,"Network graph with 153 nodes and 229 edges, density 0.02",153.0,229.0,0.019693842449260406,2.9934640522875817,True,3,0.48300165210234564,0.7965598622218524,195042742.06212008,0.4109740747016533,8100,2.8089845449506905,500,0.3265410311734573,"PESTEL Analysis of Google, Grid, elements: Six columns labeled P (Political), E (Economic), S (Sociological), T (Technological), E (Ecological), and L (Legal), each containing bullet points detailing factors affecting Google's business environment.","PESTEL Analysis of Google, Grid, elements: Six columns labeled P (Political), E (Economic), S (Sociological), T (Technological), E (Ecological), and L (Legal), each containing bullet points detailing factors affecting Google's business environment. [Visual Analysis: Network graph with 153 nodes and 229 edges, density 0.02]",,,,,,,,
22,pie_chart,0.9,0.39490851022140366,0.23215231,0.9954090150250418,radial,"Pie chart with 18 segments, labeled",,,,,,4,0.7431045411459575,0.7272562374483889,152498802.56269455,0.1081771448177203,8100,3.1412045659236467,500,0.24046538231248984,"PESTLE Analysis Factors, Table, elements: A table divided into six categories: Political, Economic, Social, Technological, Environmental, and Legal, with factors, details, term impacts, and overall impact color-coded.","PESTLE Analysis Factors, Table, elements: A table divided into six categories: Political, Economic, Social, Technological, Environmental, and Legal, with factors, details, term impacts, and overall impact color-coded. [Visual Analysis: Pie chart with 18 segments, labeled]",18.0,True,True,True,,,,
23,network_graph,0.8,0.1988173023892193,0.64512706,0.08125,networked,"Network graph with 275 nodes and 317 edges, density 0.01",275.0,317.0,0.008414067684140677,2.3054545454545456,True,5,0.49177283950617284,0.8507181736223959,13414115.882412523,0.18710123456790123,8100,3.500647554435063,500,0.10429651076990394,"The Big Five Personality Traits, Circular Diagram, elements: Five segments labeled: Openness, Conscientiousness, Extraversion, Agreeableness, Neuroticism, with a central title in bold.","The Big Five Personality Traits, Circular Diagram, elements: Five segments labeled: Openness, Conscientiousness, Extraversion, Agreeableness, Neuroticism, with a central title in bold. [Visual Analysis: Network graph with 275 nodes and 317 edges, density 0.01]",,,,,,,,
24,network_graph,0.8,0.4437729764373569,0.6350157,0.06725417439703155,networked,"Network graph with 199 nodes and 383 edges, density 0.02",199.0,383.0,0.019440637531089794,3.849246231155779,True,5,0.3752189839146361,0.8790368480390272,9731089.362189889,0.2723960821786909,8100,3.5924551200535086,500,0.29781473060749303,"Big Five Personality Traits, Mind Map, elements: Central box labeled 'Big 5' with branches for 'Traits' and 'Facets'. 'Traits' includes 'Agreeableness', 'Extraversion', 'Conscientiousness', 'Neuroticism', and 'Openness to experiences'. 'Facets' lists related characteristics under each trait, highlighting concepts like 'Trust', 'Friendliness', and 'Anxiety'.","Big Five Personality Traits, Mind Map, elements: Central box labeled 'Big 5' with branches for 'Traits' and 'Facets'. 'Traits' includes 'Agreeableness', 'Extraversion', 'Conscientiousness', 'Neuroticism', and 'Openness to experiences'. 'Facets' lists related characteristics under each trait, highlighting concepts like 'Trust', 'Friendliness', and 'Anxiety'. [Visual Analysis: Network graph with 199 nodes and 383 edges, density 0.02]",,,,,,,,
25,pie_chart,0.9,0.13537740854813313,0.19487457,0.1,radial,"Pie chart with 18 segments, unlabeled",,,,,,1,0.9068695746527777,0.646295078818194,105650889.14276105,0.044210069444444444,8100,1.5573907457234426,500,0.21606511054383995,"7S Framework, Circular Flow Diagram, elements: Seven interconnected elements: Strategy, Structure, Systems, Shared Values, Style, Staff, and Skills, each represented by a colored circle, with 'Shared Values' at the center.","7S Framework, Circular Flow Diagram, elements: Seven interconnected elements: Strategy, Structure, Systems, Shared Values, Style, Staff, and Skills, each represented by a colored circle, with 'Shared Values' at the center. [Visual Analysis: Pie chart with 18 segments, unlabeled]",18.0,False,True,False,,,,
26,network_graph,0.8,0.262658407265112,0.462165,0.1082155477031802,networked,"Network graph with 213 nodes and 197 edges, density 0.01",213.0,197.0,0.008725307821773408,1.8497652582159625,False,3,0.789687493807344,0.7048598498631671,6836777.213299304,0.07690783346214058,8100,3.3127370294818124,500,0.28953056010090633,"Porter's Five Forces, Circular Flow Diagram, elements: Five colored circles representing forces: Rivalry Among Competitors, Threat of New Entrants, Bargaining Power of Buyers, Threat of Substitute Products or Services, and Bargaining Power of Suppliers, each labeled with icons.","Porter's Five Forces, Circular Flow Diagram, elements: Five colored circles representing forces: Rivalry Among Competitors, Threat of New Entrants, Bargaining Power of Buyers, Threat of Substitute Products or Services, and Bargaining Power of Suppliers, each labeled with icons. [Visual Analysis: Network graph with 213 nodes and 197 edges, density 0.01]",,,,,,,,
27,network_graph,0.8,0.15106023425164072,0.36056116,0.01669449081803005,networked,"Network graph with 25 nodes and 59 edges, density 0.20",25.0,59.0,0.19666666666666666,4.72,True,3,0.7020260319229391,0.746113393083222,1833446.106764011,0.12271623611829797,8100,2.3496891581522976,500,0.2849548755144292,"ADDIE Model, Circular Flow Diagram, elements: Central element labeled 'ADDIE' surrounded by five circles labeled: 'Analysis', 'Design', 'Development', 'Implementation', and 'Evaluation', connected in a circular layout.","ADDIE Model, Circular Flow Diagram, elements: Central element labeled 'ADDIE' surrounded by five circles labeled: 'Analysis', 'Design', 'Development', 'Implementation', and 'Evaluation', connected in a circular layout. [Visual Analysis: Network graph with 25 nodes and 59 edges, density 0.20]",,,,,,,,
28,network_graph,0.8,0.3356932348479674,0.67594886,0.08613074204946997,networked,"Network graph with 251 nodes and 315 edges, density 0.01",251.0,315.0,0.0100398406374502,2.50996015936255,True,4,0.5180032895388701,0.8246422155771224,9889405.399261992,0.2367477161484652,8100,3.6637783498176573,500,0.19225333963818303,"The Secret Strength of UDL, List, elements: Six numbered sections with illustrations; each section describes a strategy: 1. Minimize threats and distractions, 2. Offer alternatives for auditory or visual information, 3. Embrace through multiple modes, 4. Optimize access to tasks and assistive technologies, 5. Use multiple media for communication.","The Secret Strength of UDL, List, elements: Six numbered sections with illustrations; each section describes a strategy: 1. Minimize threats and distractions, 2. Offer alternatives for auditory or visual information, 3. Embrace through multiple modes, 4. Optimize access to tasks and assistive technologies, 5. Use multiple media for communication. [Visual Analysis: Network graph with 251 nodes and 315 edges, density 0.01]",,,,,,,,
29,network_graph,0.8,0.252218710983346,0.19209276,0.21575984990619138,networked,"Network graph with 59 nodes and 110 edges, density 0.06",59.0,110.0,0.06428988895382817,3.7288135593220337,True,2,0.8636833333333334,0.6675786497285117,56346988.90204477,0.06238333333333333,8100,1.9318872266283968,500,0.27631279852943413,"Design Thinking Process, Circular Flow Diagram, elements: Four labeled boxes: 'Analyze a Need' (top), 'Develop Ideas' (right), 'Create a Prototype' (bottom), 'Test and Evaluate' (left) connected in a circular flow with arrows indicating the direction of the process.","Design Thinking Process, Circular Flow Diagram, elements: Four labeled boxes: 'Analyze a Need' (top), 'Develop Ideas' (right), 'Create a Prototype' (bottom), 'Test and Evaluate' (left) connected in a circular flow with arrows indicating the direction of the process. [Visual Analysis: Network graph with 59 nodes and 110 edges, density 0.06]",,,,,,,,
30,network_graph,0.8,0.39642072463199785,0.6881727,0.11835548172757475,networked,"Network graph with 287 nodes and 653 edges, density 0.02",287.0,653.0,0.01591091834994274,4.550522648083624,True,4,0.7181467181467182,0.7405526178666725,16588905.056151748,0.08811008811008811,8100,3.4639313241033944,500,0.31806582887152146,"UDL Thinking Framework, Circular Flow Diagram, elements: Circles around a central 'UDL Thinking' node with labels: 'What are the goals?', 'What does everyone need?', 'What might help?', 'Feedback', 'Use guidelines', and 'Remove barriers', with arrows indicating flow between them.","UDL Thinking Framework, Circular Flow Diagram, elements: Circles around a central 'UDL Thinking' node with labels: 'What are the goals?', 'What does everyone need?', 'What might help?', 'Feedback', 'Use guidelines', and 'Remove barriers', with arrows indicating flow between them. [Visual Analysis: Network graph with 287 nodes and 653 edges, density 0.02]",,,,,,,,
31,network_graph,0.8,0.2438218066723982,0.4883014,0.03958333333333333,networked,"Network graph with 167 nodes and 152 edges, density 0.01",167.0,152.0,0.010966019767693529,1.8203592814371257,False,4,0.6816796875,0.7550156749928676,156597493.77260268,0.15892939814814816,8100,3.061260114177804,500,0.3339801382263933,"The Networked Teacher, Network Diagram, elements: Central figure labeled 'The Networked Teacher' with multiple branches connecting to various resources including 'Colleagues', 'Popular Media', 'Social Network Sites', 'Twitter', 'Podcasts', 'Wikis', 'Blogs', 'Video Conferencing', 'Conferences', 'Curriculum Documents', 'Social Bookmarking', 'Family/Local Community', and 'Print & Digital Resources'.","The Networked Teacher, Network Diagram, elements: Central figure labeled 'The Networked Teacher' with multiple branches connecting to various resources including 'Colleagues', 'Popular Media', 'Social Network Sites', 'Twitter', 'Podcasts', 'Wikis', 'Blogs', 'Video Conferencing', 'Conferences', 'Curriculum Documents', 'Social Bookmarking', 'Family/Local Community', and 'Print & Digital Resources'. [Visual Analysis: Network graph with 167 nodes and 152 edges, density 0.01]",,,,,,,,
32,network_graph,0.8,0.32370094854388404,0.36826593,0.09166666666666666,networked,"Network graph with 131 nodes and 235 edges, density 0.03",131.0,235.0,0.02759835584263065,3.5877862595419847,True,2,0.5426654320987654,0.7871208993432699,102039041.28222579,0.35883827160493825,8100,2.7331710626420085,500,0.2799625529191678,"Social Learning Theory, , elements: Title at the top: 'Social Learning Theory'. Main text describing the theory by Albert Bandura, focusing on learning through observation and vicarious reinforcement. Illustrations of a child and an adult engaged in social interaction.","Social Learning Theory, , elements: Title at the top: 'Social Learning Theory'. Main text describing the theory by Albert Bandura, focusing on learning through observation and vicarious reinforcement. Illustrations of a child and an adult engaged in social interaction. [Visual Analysis: Network graph with 131 nodes and 235 edges, density 0.03]",,,,,,,,
33,pie_chart,0.9,0.09863670718489342,0.15977378,0.004409171075837742,radial,"Pie chart with 9 segments, unlabeled",,,,,,1,0.96326580424701,0.6183456881784044,12583134.087546587,0.015075054918232854,8100,1.5441672222039344,500,0.2845010814949283,"Prisoner's Dilemma Payoff Matrix, Grid Diagram, elements: 2x2 grid with Player A and Player B strategies labeled on the axes. Cells contain numerical payoffs: (1,1), (0,3), (3,0), and (2,2) corresponding to different strategy combinations.","Prisoner's Dilemma Payoff Matrix, Grid Diagram, elements: 2x2 grid with Player A and Player B strategies labeled on the axes. Cells contain numerical payoffs: (1,1), (0,3), (3,0), and (2,2) corresponding to different strategy combinations. [Visual Analysis: Pie chart with 9 segments, unlabeled]",9.0,False,True,False,,,,
34,network_graph,0.8,0.5152607293640297,0.49051887,0.09122287968441814,networked,"Network graph with 200 nodes and 333 edges, density 0.02",200.0,333.0,0.016733668341708544,3.33,True,3,0.6001126802884615,0.7798788418622107,39530995.38500756,0.27647085336538463,8100,3.040089464751305,500,0.2922061922059162,"Circular Flow of Income and Expenditure in Four Sector Economy, Flow Diagram, elements: Central flow with four sectors: Household Sector, Government Sector, Business Sector, and Foreign Sector. Arrows indicate income and expenditure directions, with labeled elements such as wages, taxes, transfers, government purchases, and foreign trade.","Circular Flow of Income and Expenditure in Four Sector Economy, Flow Diagram, elements: Central flow with four sectors: Household Sector, Government Sector, Business Sector, and Foreign Sector. Arrows indicate income and expenditure directions, with labeled elements such as wages, taxes, transfers, government purchases, and foreign trade. [Visual Analysis: Network graph with 200 nodes and 333 edges, density 0.02]",,,,,,,,
35,pie_chart,0.9,0.23160676898139645,0.17413741,0.3020833333333333,radial,"Pie chart with 18 segments, labeled",,,,,,1,0.9347627314814815,0.6324279423644743,10321890.809466816,0.039094328703703704,8100,2.399891088478702,500,0.3025111281761031,"Solow Growth Model, , elements: Title at the top with the formula for production function below, followed by market clearing, household saving, investment requirement, closure rule, and dynamics of capital accumulation, each with corresponding equations.","Solow Growth Model, , elements: Title at the top with the formula for production function below, followed by market clearing, household saving, investment requirement, closure rule, and dynamics of capital accumulation, each with corresponding equations. [Visual Analysis: Pie chart with 18 segments, labeled]",18.0,True,True,False,,,,
36,network_graph,0.8,0.17952268546075828,0.22893938,0.05580357142857143,networked,"Network graph with 56 nodes and 90 edges, density 0.06",56.0,90.0,0.05844155844155844,3.2142857142857144,True,2,0.8684126984126984,0.665365355686075,5932210.843440175,0.0630952380952381,8100,2.158106400145059,500,0.2184540535168554,"McKinsey 7S Model, Network Diagram, elements: Central circle labeled 'Shared Values' surrounded by six outer circles labeled: 'Strategy', 'Structure', 'Systems', 'Skills', 'Style', and 'Staff', with lines connecting all elements.","McKinsey 7S Model, Network Diagram, elements: Central circle labeled 'Shared Values' surrounded by six outer circles labeled: 'Strategy', 'Structure', 'Systems', 'Skills', 'Style', and 'Staff', with lines connecting all elements. [Visual Analysis: Network graph with 56 nodes and 90 edges, density 0.06]",,,,,,,,
37,network_graph,0.8,0.31426453340171046,0.7259091,0.08333333333333333,networked,"Network graph with 106 nodes and 205 edges, density 0.04",106.0,205.0,0.036837376460017966,3.8679245283018866,True,4,0.38840169270833336,0.8491766465180739,105159473.81882319,0.36842881944444444,8100,3.246469231503225,500,0.20709749032226873,"McKinsey 7S Model, Network Diagram, elements: Eight circular elements labeled: Strategy, Structure, Systems, Shared Values, Skills, Style, and Staff, arranged in a circular layout with connections between them.","McKinsey 7S Model, Network Diagram, elements: Eight circular elements labeled: Strategy, Structure, Systems, Shared Values, Skills, Style, and Staff, arranged in a circular layout with connections between them. [Visual Analysis: Network graph with 106 nodes and 205 edges, density 0.04]",,,,,,,,
38,pie_chart,0.9,0.2333573455912602,0.6660007,0.01689020857718572,radial,"Pie chart with 18 segments, unlabeled",,,,,,3,0.39466636013564,0.8520053363797666,20868713.118745778,0.2868555664118628,8100,3.1535936792749104,500,0.24723323131542457,"Intersection of Learning Theories and Podcasting, Venn Diagram, elements: Three overlapping circles labeled 'Podcasting', 'Constructivist Learning Theory (CLT)', and 'Hybrid Learning Environment (HLE)', with descriptions underneath each label. Arrows indicating relationships between concepts.","Intersection of Learning Theories and Podcasting, Venn Diagram, elements: Three overlapping circles labeled 'Podcasting', 'Constructivist Learning Theory (CLT)', and 'Hybrid Learning Environment (HLE)', with descriptions underneath each label. Arrows indicating relationships between concepts. [Visual Analysis: Pie chart with 18 segments, unlabeled]",18.0,False,True,True,,,,
39,network_graph,0.8,0.24288624244524126,0.43631095,0.10179153094462541,networked,"Network graph with 88 nodes and 179 edges, density 0.05",88.0,179.0,0.046760710553814006,4.068181818181818,True,4,0.3596135496183206,0.8753452127447476,20102688.408669416,0.29308926725508905,8100,3.050325587508482,500,0.2573002078248757,"Balanced Scorecard Metrics, Circular Flow Diagram, elements: Four quadrants labeled Customer, Financial, Internal Processes, Learning and Growth, with text boxes noting specific goals for each area.","Balanced Scorecard Metrics, Circular Flow Diagram, elements: Four quadrants labeled Customer, Financial, Internal Processes, Learning and Growth, with text boxes noting specific goals for each area. [Visual Analysis: Network graph with 88 nodes and 179 edges, density 0.05]",,,,,,,,
40,network_graph,0.8,0.07532094275330418,0.40934104,0.0020833333333333333,networked,"Network graph with 30 nodes and 12 edges, density 0.03",30.0,12.0,0.027586206896551724,0.8,False,3,0.6121136726295456,0.7811815312998543,3164840.5199671537,0.2150625682371714,8100,2.3044691111916276,493,0.13759240561966277,"Zone of Proximal Development, Circular Diagram, elements: Concentric circles with labels: 'Current Ability' in the center, surrounded by 'Ability + Assistance', then 'Inability', and the outermost circle labeled 'Zone of Proximal Development'.","Zone of Proximal Development, Circular Diagram, elements: Concentric circles with labels: 'Current Ability' in the center, surrounded by 'Ability + Assistance', then 'Inability', and the outermost circle labeled 'Zone of Proximal Development'. [Visual Analysis: Network graph with 30 nodes and 12 edges, density 0.03]",,,,,,,,
41,network_graph,0.8,0.23887225884207836,0.38908744,0.09465478841870824,networked,"Network graph with 93 nodes and 104 edges, density 0.02",93.0,104.0,0.02431042543244507,2.236559139784946,True,2,0.5255791888814282,0.771136914587513,106469509.23204815,0.4299734537500479,8100,2.76110317848379,500,0.3208253545369299,"Porter's Value Chain Analysis, Flow Diagram, elements: Two horizontal sections with 'Supporting activities' and 'Primary activities', each containing labeled boxes for activities, and margins indicated on the right.","Porter's Value Chain Analysis, Flow Diagram, elements: Two horizontal sections with 'Supporting activities' and 'Primary activities', each containing labeled boxes for activities, and margins indicated on the right. [Visual Analysis: Network graph with 93 nodes and 104 edges, density 0.02]",,,,,,,,
42,network_graph,0.8,0.29688149684496346,0.5385277,0.28888888888888886,networked,"Network graph with 121 nodes and 188 edges, density 0.03",121.0,188.0,0.025895316804407712,3.1074380165289255,True,5,0.5684889415481833,0.8072728912010758,390776260.97342503,0.21441706161137442,8100,2.9399828676875708,500,0.39437581681262573,"Original vs Revised Bloom's Taxonomy, Pyramid Diagram, elements: Pyramid structure with two layers: original taxonomy with levels labeled from Knowledge to Evaluation; revised taxonomy with levels labeled from Remember to Create, demonstrating a shift from nouns to verbs.","Original vs Revised Bloom's Taxonomy, Pyramid Diagram, elements: Pyramid structure with two layers: original taxonomy with levels labeled from Knowledge to Evaluation; revised taxonomy with levels labeled from Remember to Create, demonstrating a shift from nouns to verbs. [Visual Analysis: Network graph with 121 nodes and 188 edges, density 0.03]",,,,,,,,
43,network_graph,0.8,0.4348595857862172,0.40207922,0.30478395061728397,networked,"Network graph with 271 nodes and 540 edges, density 0.01",271.0,540.0,0.014760147601476014,3.985239852398524,True,4,0.6355322279215874,0.7732127356084719,8015227.474399567,0.2092926160085888,8100,3.5422755224319693,500,0.29246896524136,"VARK Learning Styles, Circular Diagram, elements: Four quadrants labeled: Visual, Aural, Read/Write, and Kinesthetic, with a central figure representing different learning styles, and teaching tips provided for each style.","VARK Learning Styles, Circular Diagram, elements: Four quadrants labeled: Visual, Aural, Read/Write, and Kinesthetic, with a central figure representing different learning styles, and teaching tips provided for each style. [Visual Analysis: Network graph with 271 nodes and 540 edges, density 0.01]",,,,,,,,
44,unknown,0.5,0.012840330698456616,0.15696178,0.04107142857142857,radial,"Diagram with 1 shapes, dominant feature: rectangles",,,,,,1,0.9422209022612773,0.6285297801304353,89343737.57255176,0.045547105174356534,8100,1.0933467183234435,353,0.28706501639513216,"Trie Data Structure, Tree Diagram, elements: Tree structure with nodes labeled as 'Root', 'b', 'e', 't', and branching to various sub-nodes representing character sequences, showcasing the hierarchical relationship of prefixes.","Trie Data Structure, Tree Diagram, elements: Tree structure with nodes labeled as 'Root', 'b', 'e', 't', and branching to various sub-nodes representing character sequences, showcasing the hierarchical relationship of prefixes. [Visual Analysis: Diagram with 1 shapes, dominant feature: rectangles]",,,,,1.0,0.0,False,rectangles
45,network_graph,0.8,0.1466358665318242,0.34096465,0.042286874154262515,networked,"Network graph with 39 nodes and 77 edges, density 0.10",39.0,77.0,0.1039136302294197,3.948717948717949,True,3,0.6291558045142556,0.7581661102595398,18410067.499747127,0.306493160968849,8100,2.252576420876825,500,0.28030676910959157,"PESTEL Analysis, Circular Diagram, elements: Central label 'PESTEL ANALYSE' surrounded by six circles, each labeled with a factor: 'Sociale faktorer', 'Økonomiske faktorer', 'Politiske faktorer', 'Lovmæssige faktorer', 'Miljømæssige faktorer', 'Teknologiske faktorer'.","PESTEL Analysis, Circular Diagram, elements: Central label 'PESTEL ANALYSE' surrounded by six circles, each labeled with a factor: 'Sociale faktorer', 'Økonomiske faktorer', 'Politiske faktorer', 'Lovmæssige faktorer', 'Miljømæssige faktorer', 'Teknologiske faktorer'. [Visual Analysis: Network graph with 39 nodes and 77 edges, density 0.10]",,,,,,,,
46,pie_chart,0.9,0.18007216176299182,0.44116718,0.3159340659340659,radial,"Pie chart with 16 segments, labeled",,,,,,1,0.9134701151086067,0.6432569086811699,92418483.45394945,0.02402446659923903,8100,2.2404525897749106,500,0.269202333952721,"Introduction to Keynesian Theory, Flow Diagram, elements: Circular flow with numbered points connected by lines, labeled: 1. Historical Context, 2. Aggregate Demand and Consumption, 3. Government Intervention, 4. The Multiplier Effect, 5. Criticisms and Limitations, with each point represented by a colored circle.","Introduction to Keynesian Theory, Flow Diagram, elements: Circular flow with numbered points connected by lines, labeled: 1. Historical Context, 2. Aggregate Demand and Consumption, 3. Government Intervention, 4. The Multiplier Effect, 5. Criticisms and Limitations, with each point represented by a colored circle. [Visual Analysis: Pie chart with 16 segments, labeled]",16.0,True,True,False,,,,
47,network_graph,0.8,0.3314430540859882,0.5077621,0.5323343848580442,networked,"Network graph with 80 nodes and 185 edges, density 0.06",80.0,185.0,0.058544303797468354,4.625,True,2,0.641570370085995,0.7596735337756383,30804665.01461757,0.27258810657248156,8100,3.5814720938894187,500,0.27752293315676424,"Content Types for Marketing Funnel, Grid, elements: Three rows labeled 'Top of the funnel', 'Middle of the funnel', and 'Bottom of the funnel'. Four columns categorized as Visual, Auditory, Read/write, and Kinaesthetic, each containing specific content examples related to the funnel stages.","Content Types for Marketing Funnel, Grid, elements: Three rows labeled 'Top of the funnel', 'Middle of the funnel', and 'Bottom of the funnel'. Four columns categorized as Visual, Auditory, Read/write, and Kinaesthetic, each containing specific content examples related to the funnel stages. [Visual Analysis: Network graph with 80 nodes and 185 edges, density 0.06]",,,,,,,,
48,network_graph,0.8,0.1883758257987528,0.4014301,0.1973684210526316,networked,"Network graph with 138 nodes and 61 edges, density 0.01",138.0,61.0,0.006452977890616735,0.8840579710144928,False,2,0.856855029239103,0.6711612852278723,35291215.47415764,0.06441674888392435,8100,2.6390860749874645,500,0.28646001683555516,"Aggregate Demand and Supply Analysis, Economic Model Diagram, elements: Two axes labeled 'Price level' and 'Real GDP per year'. Lines representing AD and SRAS for 1929 and 1933, LRAS as a vertical line, with points of intersection indicating equilibrium. Price levels P1929 and P1933 indicated with horizontal dashed lines.","Aggregate Demand and Supply Analysis, Economic Model Diagram, elements: Two axes labeled 'Price level' and 'Real GDP per year'. Lines representing AD and SRAS for 1929 and 1933, LRAS as a vertical line, with points of intersection indicating equilibrium. Price levels P1929 and P1933 indicated with horizontal dashed lines. [Visual Analysis: Network graph with 138 nodes and 61 edges, density 0.01]",,,,,,,,
49,unknown,0.5,0.06181712891050844,0.11166036,0.030487804878048783,networked,"Diagram with 1 shapes, dominant feature: lines",,,,,,2,0.873603125,0.6610472040441548,7140864.314596839,0.10526770833333333,8100,1.1821867936661936,417,0.3132183525511161,"Tax Rate Impact on Revenues, Curved Graph, elements: Curved graph with Tax Rate on the vertical axis (0% to 100%) and Revenues ($) on the horizontal axis. A shaded area indicates prohibitive tax rates affecting revenues.","Tax Rate Impact on Revenues, Curved Graph, elements: Curved graph with Tax Rate on the vertical axis (0% to 100%) and Revenues ($) on the horizontal axis. A shaded area indicates prohibitive tax rates affecting revenues. [Visual Analysis: Diagram with 1 shapes, dominant feature: lines]",,,,,1.0,16.0,False,lines
